,Word
0,acclaim
1,act
2,activ
3,actor
4,actress
5,actual
6,addit
7,african
8,afterthought
9,aggress
10,ala
11,allbr
12,almost
13,also
14,americabr
15,american
16,americana
17,anim
18,annoyingbr
19,anoth
20,anyth
21,appar
22,associ
23,attent
24,audienc
25,awaken
26,bad
27,battl
28,beauti
29,believablebr
30,bigger
31,bit
32,bombast
33,br
34,breakdown
35,brilliant
36,bring
37,broadway
38,broadwaybr
39,brook
40,call
41,came
42,cant
43,carolina
44,cast
45,catch
46,caught
47,chang
48,charact
49,charg
50,christ
51,clearli
52,colebr
53,comment
54,complet
55,conceiv
56,conform
57,congress
58,constitut
59,coplandesqu
60,corey
61,could
62,crap
63,crappi
64,credit
65,danni
66,darkli
67,day
68,decent
69,deepli
70,devito
71,didnt
72,differ
73,direct
74,director
75,discov
76,disturb
77,dont
78,door
79,downbr
80,download
81,drift
82,dumbest
83,earn
84,easytotak
85,edit
86,editor
87,educ
88,emot
89,end
90,enough
91,equilibrium
92,etc
93,europ
94,even
95,ever
96,everi
97,everyon
98,excel
99,except
100,expect
101,experi
102,experiment
103,fabl
104,fall
105,far
106,feel
107,film
108,first
109,flashi
110,forget
111,fulli
112,funni
113,futz
114,gay
115,genr
116,genuin
117,get
118,girl
119,gloriou
120,go
121,god
122,goe
123,good
124,grand
125,great
126,green
127,hair
128,hate
129,havent
130,he
131,heard
132,hell
133,hey
134,honestli
135,hour
136,howev
137,id
138,idea
139,ill
140,illeg
141,im
142,imagin
143,imdb
144,includ
145,influenc
146,inform
147,insomnia
148,intellectu
149,interest
150,intern
151,iri
152,itor
153,itselfbr
154,ive
155,jesu
156,john
157,june
158,keep
159,kill
160,kind
161,konrack
162,larg
163,learnt
164,least
165,left
166,let
167,liberti
168,like
169,line
170,list
171,listen
172,load
173,loadedbr
174,look
175,lot
176,love
177,luckili
178,mainstream
179,make
180,maker
181,man
182,manag
183,marriag
184,mean
185,meant
186,mess
187,middl
188,might
189,miss
190,mix
191,money
192,moral
193,morn
194,movement
195,movi
196,much
197,must
198,name
199,nearli
200,necessari
201,need
202,never
203,new
204,none
205,nonsens
206,norm
207,noth
208,often
209,oh
210,ohorgan
211,one
212,opinion
213,orchestra
214,origin
215,other
216,outlaw
217,overal
218,pain
219,part
220,particip
221,peopl
222,perform
223,person
224,piec
225,pig
226,pitor
227,play
228,plot
229,poignant
230,point
231,posit
232,preserv
233,pretti
234,produc
235,product
236,promis
237,quick
238,realli
239,receiv
240,recent
241,recept
242,regard
243,rel
244,releas
245,relev
246,reload
247,remov
248,renaiss
249,resolut
250,reveng
251,rip
252,said
253,say
254,scene
255,schindler
256,score
257,sebastian
258,second
259,see
260,seem
261,seen
262,sensit
263,sequel
264,seriou
265,serious
266,sex
267,shite
268,show
269,side
270,sinc
271,singl
272,social
273,somebodi
274,someth
275,sometim
276,somewher
277,sophist
278,south
279,spiritu
280,splash
281,stage
282,stanley
283,star
284,stifl
285,still
286,stop
287,stori
288,storybr
289,storytel
290,stronger
291,studio
292,style
293,superstar
294,sure
295,surfac
296,surpass
297,surpris
298,symbol
299,tale
300,techniqu
301,tell
302,tender
303,theatr
304,theatric
305,there
306,therefor
307,thing
308,think
309,though
310,thought
311,thriller
312,till
313,time
314,titl
315,told
316,tom
317,tour
318,trailer
319,trash
320,true
321,type
322,understand
323,unsettl
324,us
325,usual
326,valley
327,version
328,violenc
329,voigt
330,want
331,war
332,wast
333,watch
334,way
335,weak
336,wee
337,whole
338,wildli
339,william
340,wit
341,wooden
342,world
343,writer
344,written
345,york
346,youll
347,young
